generation,best,mean,worst
0,128.975201,174.981114,218.686717
1,120.330864,163.433629,203.921332
2,120.330864,155.266295,197.647425
3,115.055650,147.785853,192.470782
4,110.043500,142.739590,192.339089
5,106.801129,140.767239,181.895862
6,104.646251,136.035092,179.950349
7,103.915006,132.011222,175.628273
8,94.333047,129.592403,177.197975
9,94.333047,126.471149,163.859923
10,94.333047,122.990054,177.912201
11,94.206075,119.319859,162.094420
12,89.795627,117.476166,160.644604
13,89.795627,116.028911,157.673290
14,88.410590,115.012749,169.234416
15,86.681769,113.916830,168.344576
16,83.253857,111.089371,153.852740
17,83.253857,109.317169,154.172545
18,83.253857,107.782910,146.784540
19,82.670448,105.849620,140.923577
20,82.018843,104.756576,148.122143
21,82.018843,103.602172,157.387200
22,82.018843,101.776589,137.881438
23,82.018843,98.948155,133.519673
24,81.375560,98.046507,147.399165
25,81.375560,96.633858,152.078013
26,81.375560,95.494561,131.143819
27,80.723883,95.118465,160.777449
28,78.999644,94.915958,153.988881
29,77.979734,92.893840,140.092076
30,77.328057,91.701644,139.511476
31,77.328057,91.775479,122.096518
32,77.328057,91.183438,126.739459
33,77.328057,90.323011,137.994657
34,77.115255,88.132279,130.339663
35,76.719719,86.526682,138.540188
36,76.719719,83.266619,132.938664
37,76.719719,81.332689,137.575269
38,76.719719,81.589449,131.770756
39,76.373517,80.969445,137.575269
40,76.342987,80.741229,125.227285
41,76.247169,79.958049,133.476772
42,76.247169,78.805849,126.052238
43,76.247169,78.608756,132.792766
44,76.247169,79.289356,128.440510
45,76.136367,79.372550,127.759347
46,76.136367,80.516059,131.427656
47,76.010019,80.589144,128.464141
48,76.010019,80.093036,130.977703
49,76.010019,80.557199,135.842704
50,76.010019,79.465420,143.263084
51,76.010019,78.872728,111.827379
52,76.010019,79.112854,127.627759
53,76.010019,79.452431,124.271654
54,76.010019,79.437241,117.049311
55,76.010019,79.239815,111.590229
56,76.010019,77.939419,130.337695
57,76.010019,76.640141,129.801040
58,76.010019,76.624033,125.493223
59,76.010019,77.325224,128.026325
60,76.010019,77.013393,121.400046
61,76.010019,76.963665,113.610073
62,76.010019,76.829607,123.911804
63,76.010019,76.579506,125.493223
64,76.010019,76.578571,117.988891
65,76.010019,76.798930,131.620625
66,76.010019,76.671200,112.856033
67,76.010019,76.714975,122.118630
68,76.010019,76.498949,128.021522
69,76.010019,76.585005,128.021522
70,76.010019,76.511498,118.642548
71,76.010019,76.725921,131.620625
72,76.010019,76.551728,123.989221
73,76.010019,76.533207,118.837476
74,76.010019,76.295515,105.207709
75,76.010019,76.555630,128.021522
76,76.010019,76.759365,124.365870
77,76.010019,76.455753,116.228765
78,76.010019,76.524459,121.670490
79,76.010019,76.434484,130.337695
80,76.010019,76.279013,130.337695
81,76.010019,76.414390,110.529088
82,76.010019,76.259438,125.493223
83,76.010019,76.829602,135.605553
84,76.010019,76.466853,118.642548
85,76.010019,76.372457,122.666168
86,76.010019,76.568745,125.493223
87,76.010019,76.720709,122.118630
88,76.010019,76.689154,131.620625
89,76.010019,76.665616,130.337695
90,76.010019,76.319208,116.523041
91,76.010019,76.626147,127.390609
92,76.010019,76.836671,121.400046
93,76.010019,76.619726,128.021522
94,76.010019,76.555225,131.620625
95,76.010019,76.564570,125.683500
96,76.010019,76.689117,135.605553
97,76.010019,76.667757,112.752521
98,76.010019,76.618522,118.642548
99,76.010019,76.934775,124.365870
100,76.010019,76.257243,110.529088
101,76.010019,76.501079,122.118630
102,76.010019,76.438088,127.390609
103,76.010019,76.605501,129.801040
104,76.010019,76.677301,129.801040
105,76.010019,76.419099,128.026325
106,76.010019,76.583528,124.365870
107,76.010019,76.636913,128.021522
108,76.010019,76.501853,110.529088
109,76.010019,76.707203,135.605553
110,76.010019,76.722475,123.911804
111,76.010019,76.401317,123.911804
112,76.010019,76.512353,135.605553
113,76.010019,76.538121,122.666168
114,76.010019,76.469647,119.898758
115,76.010019,76.840212,130.337695
116,76.010019,76.446548,130.337695
117,76.010019,77.192510,129.801040
118,76.010019,76.448413,124.365870
119,76.010019,76.858663,118.642548
120,76.010019,76.471382,114.022508
121,76.010019,76.710888,128.026325
122,76.010019,76.490944,119.996024
123,76.010019,76.658443,121.670490
124,76.010019,76.594654,128.026325
125,76.010019,76.485371,123.989221
126,76.010019,76.416468,124.365870
127,76.010019,76.323489,118.642548
128,76.010019,76.518019,122.666168
129,76.010019,76.528879,130.337695
130,76.010019,76.672155,121.670490
131,76.010019,76.572711,123.269238
132,76.010019,76.544629,122.666168
133,76.010019,76.306469,117.081318
134,76.010019,76.619486,121.400046
135,76.010019,76.561086,127.390609
136,76.010019,76.541910,118.837476
137,76.010019,76.841016,135.605553
138,76.010019,76.983976,129.801040
139,76.010019,76.563262,135.605553
140,76.010019,76.366485,123.989221
141,76.010019,76.486572,125.493223
142,76.010019,76.726011,131.620625
143,76.010019,76.939408,127.390609
144,76.010019,76.344744,122.118630
145,76.010019,76.518211,135.605553
146,76.010019,76.588395,130.337695
147,76.010019,76.330440,116.523041
148,76.010019,76.578403,123.989221
149,76.010019,76.263891,116.429113
150,76.010019,76.328454,104.345654
151,76.010019,76.423746,128.021522
152,76.010019,76.634894,123.989221
153,76.010019,76.389456,129.801040
154,76.010019,76.858131,128.021522
155,76.010019,76.551083,129.801040
156,76.010019,76.619956,135.605553
157,76.010019,76.341711,105.808611
158,76.010019,76.688625,121.670490
159,76.010019,76.447682,123.269238
160,76.010019,76.722648,123.269238
161,76.010019,76.670014,130.337695
162,76.010019,76.807845,124.365870
163,76.010019,76.713091,129.801040
164,76.010019,76.713717,135.605553
165,76.010019,76.693488,121.670490
166,76.010019,76.959531,123.989221
167,76.010019,76.569620,128.021522
168,76.010019,76.696599,128.026325
169,76.010019,76.406659,123.989221
170,76.010019,76.430909,121.670490
171,76.010019,76.634331,127.390609
172,76.010019,76.224964,112.752521
173,76.010019,76.826705,122.666168
174,76.010019,76.281929,110.529088
175,76.010019,76.674918,127.390609
176,76.010019,76.743511,125.683500
177,76.010019,76.776304,135.605553
178,76.010019,76.306433,113.610073
179,76.010019,76.597253,131.620625
180,76.010019,76.738304,119.898758
181,76.010019,76.454633,122.118630
182,76.010019,76.596359,127.390609
183,76.010019,76.761628,119.898758
184,76.010019,76.727987,125.683500
185,76.010019,76.808100,114.022508
186,76.010019,76.582758,123.911804
187,76.010019,76.338458,135.605553
188,76.010019,76.737871,131.620625
189,76.010019,76.769022,125.493223
190,76.010019,76.606118,131.620625
191,76.010019,76.444188,130.337695
192,76.010019,76.383408,125.493223
193,76.010019,76.972199,135.605553
194,76.010019,76.322698,117.081318
195,76.010019,76.575785,117.945211
196,76.010019,76.576235,121.400046
197,76.010019,76.563166,129.801040
198,76.010019,76.710191,135.605553
199,76.010019,76.634000,123.911804
200,76.010019,76.651057,129.801040
201,76.010019,76.699800,121.400046
202,76.010019,76.754910,131.620625
203,76.010019,76.366829,107.759326
204,76.010019,76.636784,130.337695
205,76.010019,76.482903,119.898758
206,76.010019,76.686841,123.269238
207,76.010019,76.489239,129.801040
208,76.010019,76.729580,131.620625
209,76.010019,76.465960,128.026325
210,76.010019,76.377785,124.365870
211,76.010019,76.487458,118.837476
212,76.010019,76.552842,117.081318
213,76.010019,76.465140,128.021522
214,76.010019,77.028431,130.337695
215,76.010019,76.679346,128.026325
216,76.010019,76.442471,117.945211
217,76.010019,76.749870,128.021522
218,76.010019,76.411826,124.365870
219,76.010019,76.580878,123.269238
220,76.010019,76.546702,130.337695
221,76.010019,76.497303,130.337695
222,76.010019,76.520158,135.605553
223,76.010019,76.524964,135.605553
224,76.010019,76.883845,128.021522
225,76.010019,76.571462,130.337695
226,76.010019,76.552463,123.269238
227,76.010019,76.749387,128.021522
228,76.010019,76.287740,97.354363
229,76.010019,76.549133,127.390609
230,76.010019,76.491543,117.774266
231,76.010019,76.618071,122.666168
232,76.010019,76.732069,135.605553
233,76.010019,77.014272,128.021522
234,76.010019,76.618957,117.988891
235,76.010019,76.533104,125.493223
236,76.010019,76.956973,125.683500
237,76.010019,76.573127,113.610073
238,76.010019,76.585853,123.989221
239,76.010019,76.653813,130.337695
240,76.010019,76.593535,117.988891
241,76.010019,76.323466,123.989221
242,76.010019,76.578354,122.666168
243,76.010019,76.281424,106.346562
244,76.010019,76.333132,125.493223
245,76.010019,76.397142,116.429113
246,76.010019,76.388002,117.774266
247,76.010019,76.693008,128.026325
248,76.010019,76.588176,122.118630
249,76.010019,76.555754,110.529088
250,76.010019,76.573426,123.911804
251,76.010019,76.324386,128.026325
252,76.010019,76.687591,125.493223
253,76.010019,76.291627,128.026325
254,76.010019,76.476987,131.620625
255,76.010019,76.405153,119.996024
256,76.010019,76.324321,121.670490
257,76.010019,76.479580,110.529088
258,76.010019,76.953601,125.683500
259,76.010019,76.633158,121.400046
260,76.010019,76.444812,127.390609
261,76.010019,76.282016,111.681810
262,76.010019,76.748472,128.026325
263,76.010019,76.722902,131.620625
264,76.010019,76.321631,119.898758
265,76.010019,76.323235,112.818799
266,76.010019,76.458208,128.021522
267,76.010019,76.629984,129.801040
268,76.010019,76.480856,116.228765
269,76.010019,76.602692,135.605553
270,76.010019,76.783964,129.801040
271,76.010019,76.502479,116.228765
272,76.010019,76.355738,122.666168
273,76.010019,76.589073,123.911804
274,76.010019,76.435997,128.026325
275,76.010019,76.585735,129.801040
276,76.010019,76.529003,121.400046
277,76.010019,76.350209,121.670490
278,76.010019,76.674758,135.605553
279,76.010019,76.390411,119.996024
280,76.010019,76.404509,121.670490
281,76.010019,76.822846,123.911804
282,76.010019,76.832989,125.683500
283,76.010019,76.809804,124.365870
284,76.010019,76.544496,117.988891
285,76.010019,76.612457,128.021522
286,76.010019,76.499935,128.026325
287,76.010019,76.262671,130.337695
288,76.010019,76.332700,123.269238
289,76.010019,76.405645,122.666168
290,76.010019,76.654617,125.493223
291,76.010019,76.444827,117.081318
292,76.010019,76.709118,123.989221
293,76.010019,76.689744,123.911804
294,76.010019,76.932984,123.269238
295,76.010019,76.540083,130.337695
296,76.010019,76.574228,125.683500
297,76.010019,76.441238,128.021522
298,76.010019,76.300115,128.021522
299,76.010019,76.386000,118.837476
300,76.010019,76.438078,119.996024
301,76.010019,76.311920,123.989221
302,76.010019,77.095059,135.605553
303,76.010019,76.622814,130.337695
304,76.010019,76.608396,135.605553
305,76.010019,76.665320,123.269238
306,76.010019,76.423161,124.365870
307,76.010019,76.784300,123.911804
308,76.010019,76.738118,135.605553
309,76.010019,76.676402,128.026325
310,76.010019,76.644520,131.620625
311,76.010019,76.743008,125.683500
312,76.010019,76.365438,128.026325
313,76.010019,76.725625,122.118630
314,76.010019,76.639979,125.493223
315,76.010019,76.212654,108.036571
316,76.010019,76.772410,125.493223
317,76.010019,77.029864,128.026325
318,76.010019,76.388768,130.337695
319,76.010019,76.184421,101.121574
320,76.010019,76.669210,125.683500
321,76.010019,76.576289,127.390609
322,76.010019,76.675028,130.337695
323,76.010019,76.330274,102.228246
324,76.010019,76.288129,130.337695
325,76.010019,76.767434,125.493223
326,76.010019,76.876776,130.337695
327,76.010019,76.668524,129.801040
328,76.010019,76.496003,105.831109
329,76.010019,76.714429,128.026325
330,76.010019,76.362034,104.109515
331,76.010019,76.420818,107.221119
332,76.010019,76.526160,130.337695
333,76.010019,76.379845,112.856033
334,76.010019,77.081303,129.801040
335,76.010019,76.564708,118.642548
336,76.010019,76.613105,119.996024
337,76.010019,76.742863,125.683500
338,76.010019,76.363041,118.837476
339,76.010019,76.805631,135.605553
340,76.010019,76.426101,119.996024
341,76.010019,76.546043,129.801040
342,76.010019,76.457532,118.837476
343,76.010019,76.816968,123.989221
344,76.010019,76.530824,118.837476
345,76.010019,76.843597,131.620625
346,76.010019,76.613676,129.801040
347,76.010019,76.529176,123.989221
348,76.010019,76.796069,128.021522
349,76.010019,76.614988,131.620625
350,76.010019,76.748617,123.989221
351,76.010019,76.796563,123.989221
352,76.010019,76.545956,118.837476
353,76.010019,76.657119,130.337695
354,76.010019,76.707566,135.605553
355,76.010019,76.895344,128.026325
356,76.010019,76.843007,135.605553
357,76.010019,76.465662,129.801040
358,76.010019,76.488131,129.801040
359,76.010019,76.562762,114.022508
360,76.010019,76.426318,116.429113
361,76.010019,76.654520,112.897322
362,76.010019,76.646481,129.801040
363,76.010019,76.769664,128.021522
364,76.010019,76.496101,118.837476
365,76.010019,76.394795,113.610073
366,76.010019,76.876201,128.026325
367,76.010019,76.625383,129.801040
368,76.010019,76.623542,127.390609
369,76.010019,76.957394,131.620625
370,76.010019,76.494962,117.774266
371,76.010019,76.629802,125.683500
372,76.010019,76.595624,130.337695
373,76.010019,76.296529,112.818799
374,76.010019,76.273818,130.337695
375,76.010019,76.818993,128.021522
376,76.010019,76.358925,117.945211
377,76.010019,76.383971,127.390609
378,76.010019,76.573746,129.801040
379,76.010019,76.586613,125.493223
380,76.010019,76.627773,127.390609
381,76.010019,76.478391,119.996024
382,76.010019,76.719206,123.989221
383,76.010019,76.624824,125.683500
384,76.010019,76.391019,123.989221
385,76.010019,76.580558,130.337695
386,76.010019,76.865270,123.911804
387,76.010019,76.355811,103.981996
388,76.010019,76.606181,127.390609
389,76.010019,76.639888,123.989221
390,76.010019,76.796638,125.493223
391,76.010019,76.652382,123.269238
392,76.010019,76.387404,131.620625
393,76.010019,76.668390,129.801040
394,76.010019,76.518952,112.856033
395,76.010019,76.592604,129.801040
396,76.010019,76.692213,128.021522
397,76.010019,76.712699,135.605553
398,76.010019,76.565530,127.390609
399,76.010019,76.907079,124.365870
400,76.010019,76.426620,116.228765
401,76.010019,76.526167,121.670490
402,76.010019,76.645698,131.620625
403,76.010019,76.705939,135.605553
404,76.010019,76.335393,123.989221
405,76.010019,76.478093,131.620625
406,76.010019,76.571975,130.337695
407,76.010019,76.558133,116.228765
408,76.010019,76.653376,130.337695
409,76.010019,76.531747,128.021522
410,76.010019,76.409926,112.856033
411,76.010019,76.342032,113.656874
412,76.010019,76.803197,123.911804
413,76.010019,76.904230,131.620625
414,76.010019,76.598937,121.400046
415,76.010019,76.244173,125.683500
416,76.010019,76.825208,131.620625
417,76.010019,76.578228,118.837476
418,76.010019,76.417562,128.021522
419,76.010019,76.635255,135.605553
420,76.010019,76.747865,119.898758
421,76.010019,76.748680,125.493223
422,76.010019,76.810741,123.989221
423,76.010019,76.743459,129.801040
424,76.010019,76.499050,121.400046
425,76.010019,76.525151,117.945211
426,76.010019,76.714430,129.801040
427,76.010019,76.574394,130.337695
428,76.010019,76.656415,128.026325
429,76.010019,77.087678,125.493223
430,76.010019,76.593387,135.605553
431,76.010019,76.758919,121.400046
432,76.010019,76.688670,131.620625
433,76.010019,76.709736,125.683500
434,76.010019,76.750071,125.493223
435,76.010019,76.814466,131.620625
436,76.010019,76.421539,123.911804
437,76.010019,77.000162,129.801040
438,76.010019,76.662986,127.390609
439,76.010019,76.501198,127.390609
440,76.010019,76.892870,124.365870
441,76.010019,76.463051,121.670490
442,76.010019,76.536508,119.898758
443,76.010019,76.858408,124.365870
444,76.010019,76.617906,122.118630
445,76.010019,76.675993,127.390609
446,76.010019,76.671492,129.801040
447,76.010019,76.882852,128.021522
448,76.010019,76.460284,121.670490
449,76.010019,76.301216,95.032939
450,76.010019,76.382472,117.774266
451,76.010019,76.395850,129.801040
452,76.010019,76.593238,123.989221
453,76.010019,76.654453,129.801040
454,76.010019,76.608254,121.400046
455,76.010019,76.714187,128.021522
456,76.010019,76.312294,116.228765
457,76.010019,76.208530,113.610073
458,76.010019,76.461571,127.390609
459,76.010019,76.582824,130.337695
460,76.010019,76.533807,123.269238
461,76.010019,76.322551,104.345654
462,76.010019,76.468417,130.337695
463,76.010019,76.820442,125.493223
464,76.010019,76.639118,117.988891
465,76.010019,76.322408,102.381805
466,76.010019,76.706722,131.620625
467,76.010019,76.483232,123.269238
468,76.010019,76.618445,130.337695
469,76.010019,76.482059,131.620625
470,76.010019,76.566883,135.605553
471,76.010019,76.587213,121.400046
472,76.010019,76.656079,112.947247
473,76.010019,76.741441,135.605553
474,76.010019,76.821565,135.605553
475,76.010019,76.425884,118.642548
476,76.010019,76.464534,125.493223
477,76.010019,76.305902,116.228765
478,76.010019,76.731341,135.605553
479,76.010019,76.846172,124.365870
480,76.010019,77.004468,131.620625
481,76.010019,76.544810,112.897322
482,76.010019,76.488050,131.620625
483,76.010019,76.803726,127.390609
484,76.010019,76.600486,129.801040
485,76.010019,76.565432,121.400046
486,76.010019,76.430858,116.429113
487,76.010019,76.458932,125.683500
488,76.010019,76.537729,125.493223
489,76.010019,76.621670,125.493223
490,76.010019,76.284305,131.620625
491,76.010019,76.765775,125.493223
492,76.010019,76.648372,130.337695
493,76.010019,76.240569,117.945211
494,76.010019,76.199089,100.406000
495,76.010019,76.479305,123.989221
496,76.010019,76.388127,113.610073
497,76.010019,76.288921,113.656874
498,76.010019,76.802418,135.605553
499,76.010019,76.583586,124.365870
500,76.010019,76.591772,128.021522
501,76.010019,76.550690,129.801040
502,76.010019,76.982500,128.026325
503,76.010019,76.285547,105.808611
504,76.010019,76.543591,113.610073
505,76.010019,76.677508,131.620625
506,76.010019,76.470942,119.996024
507,76.010019,76.925504,131.620625
508,76.010019,76.774138,131.620625
509,76.010019,76.484340,124.365870
510,76.010019,76.911841,135.605553
511,76.010019,76.678340,125.493223
512,76.010019,76.566719,112.818799
513,76.010019,76.229599,117.081318
514,76.010019,76.945816,121.670490
515,76.010019,76.906472,117.081318
516,76.010019,76.882448,123.989221
517,76.010019,76.398483,123.911804
518,76.010019,76.843522,135.605553
519,76.010019,76.728608,128.026325
520,76.010019,76.843395,135.605553
521,76.010019,76.581860,128.021522
522,76.010019,76.254279,114.022508
523,76.010019,76.622951,135.605553
524,76.010019,76.624232,125.493223
525,76.010019,77.017158,135.605553
526,76.010019,76.478613,117.988891
527,76.010019,76.475957,123.269238
528,76.010019,76.687960,123.989221
529,76.010019,76.414795,105.207709
530,76.010019,76.366406,112.818799
531,76.010019,76.648547,135.605553
532,76.010019,76.509286,116.228765
533,76.010019,76.595973,123.989221
534,76.010019,76.524409,121.400046
535,76.010019,76.708825,135.605553
536,76.010019,76.598628,125.493223
537,76.010019,76.446011,121.400046
538,76.010019,76.736367,125.493223
539,76.010019,76.266647,102.406963
540,76.010019,76.493156,117.988891
541,76.010019,76.581594,129.801040
542,76.010019,76.583286,117.081318
543,76.010019,76.249349,111.681810
544,76.010019,76.633315,122.666168
545,76.010019,76.568610,123.269238
546,76.010019,76.787723,125.493223
547,76.010019,76.550613,121.400046
548,76.010019,76.217927,92.941383
549,76.010019,76.449243,122.118630
550,76.010019,76.288013,112.856033
551,76.010019,76.539251,130.337695
552,76.010019,76.936368,128.026325
553,76.010019,76.630600,128.026325
554,76.010019,76.791378,125.683500
555,76.010019,76.533074,111.681810
556,76.010019,76.485970,123.911804
557,76.010019,76.462062,128.026325
558,76.010019,76.984143,127.390609
559,76.010019,76.454193,130.337695
560,76.010019,76.330475,124.365870
561,76.010019,76.782965,128.026325
562,76.010019,76.593181,123.269238
563,76.010019,76.259889,118.837476
564,76.010019,76.713848,130.337695
565,76.010019,76.324630,119.996024
566,76.010019,76.726864,121.670490
567,76.010019,76.856110,131.620625
568,76.010019,76.466644,121.670490
569,76.010019,76.443671,121.400046
570,76.010019,77.045942,125.493223
571,76.010019,76.347200,123.911804
572,76.010019,76.620287,128.021522
573,76.010019,76.701261,124.365870
574,76.010019,76.913235,113.610073
575,76.010019,76.743978,129.801040
576,76.010019,76.848620,131.620625
577,76.010019,76.866369,123.911804
578,76.010019,76.870286,117.945211
579,76.010019,76.590374,117.081318
580,76.010019,76.766113,123.911804
581,76.010019,77.126520,125.493223
582,76.010019,76.631517,130.337695
583,76.010019,76.649512,119.898758
584,76.010019,76.883289,131.620625
585,76.010019,76.542222,128.026325
586,76.010019,76.384787,128.021522
587,76.010019,76.774071,131.620625
588,76.010019,76.609854,124.365870
589,76.010019,76.485944,130.337695
590,76.010019,76.283934,111.024047
591,76.010019,76.761359,129.801040
592,76.010019,76.889649,130.337695
593,76.010019,76.575526,122.118630
594,76.010019,76.517468,135.605553
595,76.010019,76.385421,121.670490
596,76.010019,76.435251,121.400046
597,76.010019,76.834351,135.605553
598,76.010019,76.644271,128.026325
599,76.010019,76.748344,122.666168
600,76.010019,76.786095,119.996024
601,76.010019,76.800505,135.605553
602,76.010019,76.565348,118.837476
603,76.010019,76.367655,128.026325
604,76.010019,76.429861,116.429113
605,76.010019,76.338285,113.656874
606,76.010019,76.588249,121.670490
607,76.010019,76.697607,129.801040
608,76.010019,76.460448,118.642548
609,76.010019,76.557237,130.337695
610,76.010019,76.250485,104.731196
611,76.010019,76.810848,123.989221
612,76.010019,76.808092,125.683500
613,76.010019,76.738921,130.337695
614,76.010019,76.657015,127.390609
615,76.010019,76.554437,124.365870
616,76.010019,76.557873,123.269238
617,76.010019,76.775847,124.365870
618,76.010019,76.732920,124.365870
619,76.010019,76.641524,125.683500
620,76.010019,76.754501,116.523041
621,76.010019,77.079140,128.026325
622,76.010019,76.904973,131.620625
623,76.010019,76.358469,114.022508
624,76.010019,76.483906,119.898758
625,76.010019,76.730996,128.026325
626,76.010019,76.737842,130.337695
627,76.010019,76.961296,135.605553
628,76.010019,76.679032,135.605553
629,76.010019,76.680480,123.911804
630,76.010019,76.473040,117.774266
631,76.010019,76.734742,125.683500
632,76.010019,76.668229,113.656874
633,76.010019,76.639177,124.365870
634,76.010019,76.799960,131.620625
635,76.010019,76.753507,135.605553
636,76.010019,76.379439,111.024047
637,76.010019,76.446057,131.620625
638,76.010019,76.597142,122.118630
639,76.010019,76.731892,130.337695
640,76.010019,76.422233,116.429113
641,76.010019,76.555894,128.026325
642,76.010019,76.589900,118.837476
643,76.010019,76.638790,129.801040
644,76.010019,76.343508,131.620625
645,76.010019,76.669811,128.021522
646,76.010019,76.698955,128.021522
647,76.010019,76.730730,117.774266
648,76.010019,76.707862,135.605553
649,76.010019,76.188191,125.493223
650,76.010019,76.506028,131.620625
651,76.010019,76.457871,123.269238
652,76.010019,76.697748,131.620625
653,76.010019,76.624213,122.666168
654,76.010019,76.728224,131.620625
655,76.010019,76.133940,106.879218
656,76.010019,76.578736,121.670490
657,76.010019,76.394083,117.988891
658,76.010019,76.596595,118.837476
659,76.010019,76.613032,131.620625
660,76.010019,76.384070,125.683500
661,76.010019,76.713765,117.774266
662,76.010019,76.692653,125.493223
663,76.010019,76.366938,111.024047
664,76.010019,76.678479,135.605553
665,76.010019,76.700732,117.774266
666,76.010019,76.493208,118.642548
667,76.010019,76.338115,122.666168
668,76.010019,76.717141,129.801040
669,76.010019,76.688195,131.620625
670,76.010019,76.601897,117.081318
671,76.010019,76.336430,131.620625
672,76.010019,76.568862,122.666168
673,76.010019,76.483868,118.642548
674,76.010019,76.571455,116.228765
675,76.010019,76.227655,104.731196
676,76.010019,76.328137,122.118630
677,76.010019,76.412700,125.683500
678,76.010019,76.243988,113.656874
679,76.010019,76.848851,129.801040
680,76.010019,76.518337,129.801040
681,76.010019,76.738739,128.021522
682,76.010019,76.811216,130.337695
683,76.010019,76.628774,135.605553
684,76.010019,76.435975,121.400046
685,76.010019,76.437601,130.337695
686,76.010019,76.554069,130.337695
687,76.010019,76.518434,135.605553
688,76.010019,76.550097,128.026325
689,76.010019,77.269953,135.605553
690,76.010019,76.427332,116.523041
691,76.010019,76.914384,124.365870
692,76.010019,76.531060,123.989221
693,76.010019,76.805380,130.337695
694,76.010019,76.542890,119.996024
695,76.010019,76.368363,128.026325
696,76.010019,76.517724,116.523041
697,76.010019,76.327809,112.818799
698,76.010019,76.599817,127.390609
699,76.010019,76.307043,129.801040
700,76.010019,76.605079,127.390609
701,76.010019,76.358848,108.094730
702,76.010019,76.357238,105.831109
703,76.010019,76.395369,128.021522
704,76.010019,76.707112,130.337695
705,76.010019,76.950326,129.801040
706,76.010019,76.436529,123.269238
707,76.010019,76.629541,125.683500
708,76.010019,76.285266,101.121574
709,76.010019,76.717377,117.988891
710,76.010019,76.845444,124.365870
711,76.010019,76.654280,123.989221
712,76.010019,76.762040,128.021522
713,76.010019,76.724041,135.605553
714,76.010019,76.511106,105.910719
715,76.010019,76.462166,121.670490
716,76.010019,76.504968,113.656874
717,76.010019,77.007893,128.026325
718,76.010019,76.535512,131.620625
719,76.010019,76.674664,125.683500
720,76.010019,76.759089,128.021522
721,76.010019,77.202727,130.337695
722,76.010019,76.759626,122.666168
723,76.010019,76.552431,125.493223
724,76.010019,76.632409,118.837476
725,76.010019,76.555290,125.683500
726,76.010019,76.557383,135.605553
727,76.010019,76.467766,128.026325
728,76.010019,76.588073,117.774266
729,76.010019,76.351019,130.337695
730,76.010019,76.516633,131.620625
731,76.010019,76.961140,135.605553
732,76.010019,76.495588,104.731196
733,76.010019,76.823377,125.683500
734,76.010019,76.552523,128.026325
735,76.010019,76.451695,119.996024
736,76.010019,76.450424,117.774266
737,76.010019,76.514606,135.605553
738,76.010019,76.641306,129.801040
739,76.010019,76.844204,124.365870
740,76.010019,76.708027,128.026325
741,76.010019,76.413726,117.945211
742,76.010019,76.518781,125.493223
743,76.010019,76.577430,124.365870
744,76.010019,76.337391,123.269238
745,76.010019,76.512495,131.620625
746,76.010019,76.496873,117.774266
747,76.010019,76.775010,128.026325
748,76.010019,76.497443,116.429113
749,76.010019,77.067555,131.620625
750,76.010019,76.400850,110.529088
751,76.010019,76.716399,118.642548
752,76.010019,76.778407,130.337695
753,76.010019,76.551880,125.493223
754,76.010019,76.553536,129.801040
755,76.010019,76.571334,128.021522
756,76.010019,76.701430,125.683500
757,76.010019,76.729710,131.620625
758,76.010019,76.313976,117.081318
759,76.010019,76.641863,123.911804
760,76.010019,76.567163,131.620625
761,76.010019,76.514750,128.026325
762,76.010019,76.618533,128.021522
763,76.010019,76.379223,108.697730
764,76.010019,76.444850,125.493223
765,76.010019,76.567858,135.605553
766,76.010019,76.498540,121.400046
767,76.010019,76.451752,113.610073
768,76.010019,76.693929,135.605553
769,76.010019,76.583830,129.801040
770,76.010019,76.556944,123.911804
771,76.010019,77.019354,135.605553
772,76.010019,76.451119,128.026325
773,76.010019,76.635638,123.989221
774,76.010019,76.585061,122.118630
775,76.010019,76.573091,123.989221
776,76.010019,76.699436,128.026325
777,76.010019,76.667933,125.683500
778,76.010019,76.717429,127.390609
779,76.010019,76.246093,105.808611
780,76.010019,76.732495,128.026325
781,76.010019,76.791442,127.390609
782,76.010019,76.365757,116.429113
783,76.010019,76.572567,123.989221
784,76.010019,76.456194,128.021522
785,76.010019,76.716183,128.026325
786,76.010019,76.428805,112.856033
787,76.010019,76.868796,131.620625
788,76.010019,76.343261,121.400046
789,76.010019,76.371137,118.837476
790,76.010019,76.339122,117.081318
791,76.010019,76.737766,130.337695
792,76.010019,76.467172,125.493223
793,76.010019,76.448037,116.429113
794,76.010019,76.359034,119.996024
795,76.010019,76.608585,127.390609
796,76.010019,76.631693,131.620625
797,76.010019,76.387545,123.989221
798,76.010019,76.567535,112.897322
799,76.010019,76.786386,123.989221
800,76.010019,76.753428,128.021522
801,76.010019,76.601984,124.365870
802,76.010019,76.740724,131.620625
803,76.010019,76.627167,129.801040
804,76.010019,76.452747,124.365870
805,76.010019,76.473515,128.021522
806,76.010019,76.953812,127.390609
807,76.010019,76.431720,135.605553
808,76.010019,76.897311,122.118630
809,76.010019,76.450248,108.697730
810,76.010019,76.790998,117.945211
811,76.010019,76.666753,124.365870
812,76.010019,76.890750,125.493223
813,76.010019,76.586691,128.026325
814,76.010019,76.301120,129.801040
815,76.010019,76.597735,129.801040
816,76.010019,76.484993,118.837476
817,76.010019,76.735496,135.605553
818,76.010019,76.504552,118.837476
819,76.010019,76.305579,97.301267
820,76.010019,76.589529,123.911804
821,76.010019,76.532755,127.390609
822,76.010019,76.509164,127.390609
823,76.010019,76.438429,125.493223
824,76.010019,76.627242,127.390609
825,76.010019,76.321282,116.228765
826,76.010019,76.584756,123.911804
827,76.010019,77.161587,135.605553
828,76.010019,76.758063,124.365870
829,76.010019,76.684713,128.026325
830,76.010019,76.825738,123.911804
831,76.010019,76.487466,118.837476
832,76.010019,76.863922,125.493223
833,76.010019,76.801603,125.683500
834,76.010019,76.659193,127.390609
835,76.010019,76.510576,127.390609
836,76.010019,76.401698,127.390609
837,76.010019,76.635898,123.269238
838,76.010019,76.308262,107.221119
839,76.010019,76.485992,117.988891
840,76.010019,76.381524,124.365870
841,76.010019,76.603387,135.605553
842,76.010019,76.513392,128.026325
843,76.010019,76.578383,128.026325
844,76.010019,76.680125,135.605553
845,76.010019,76.638893,123.269238
846,76.010019,76.681108,121.400046
847,76.010019,76.792385,122.118630
848,76.010019,76.278278,117.081318
849,76.010019,76.583294,128.021522
850,76.010019,76.670095,131.620625
851,76.010019,76.365643,121.670490
852,76.010019,76.654151,128.021522
853,76.010019,76.660556,125.493223
854,76.010019,76.380535,125.493223
855,76.010019,76.545398,129.801040
856,76.010019,76.717904,135.605553
857,76.010019,76.792384,128.026325
858,76.010019,76.902924,128.021522
859,76.010019,76.181522,95.032939
860,76.010019,76.356231,122.118630
861,76.010019,76.591093,122.666168
862,76.010019,76.806504,135.605553
863,76.010019,76.296106,105.207709
864,76.010019,76.530874,129.801040
865,76.010019,76.567888,123.269238
866,76.010019,76.986524,129.801040
867,76.010019,76.593294,135.605553
868,76.010019,76.406788,102.406963
869,76.010019,76.835791,131.620625
870,76.010019,76.577091,125.683500
871,76.010019,76.776834,129.801040
872,76.010019,76.829833,124.365870
873,76.010019,76.750374,135.605553
874,76.010019,76.593011,128.021522
875,76.010019,76.704943,128.021522
876,76.010019,76.698813,122.118630
877,76.010019,76.998831,129.801040
878,76.010019,76.637584,122.666168
879,76.010019,76.466194,131.620625
880,76.010019,76.533087,111.681810
881,76.010019,76.901342,130.337695
882,76.010019,77.135682,135.605553
883,76.010019,76.806831,128.021522
884,76.010019,76.625087,128.021522
885,76.010019,76.339228,112.897322
886,76.010019,76.828250,135.605553
887,76.010019,76.531977,125.493223
888,76.010019,76.539634,127.390609
889,76.010019,76.755669,127.390609
890,76.010019,76.248230,122.118630
891,76.010019,76.590621,125.683500
892,76.010019,76.744362,131.620625
893,76.010019,76.716528,135.605553
894,76.010019,76.438069,130.337695
895,76.010019,76.549391,123.269238
896,76.010019,77.102704,125.683500
897,76.010019,76.741282,135.605553
898,76.010019,76.407821,117.081318
899,76.010019,76.349011,127.390609
900,76.010019,76.385278,113.656874
901,76.010019,76.474596,123.269238
902,76.010019,76.884268,128.021522
903,76.010019,76.570807,119.996024
904,76.010019,76.495277,125.493223
905,76.010019,76.448387,122.666168
906,76.010019,76.510211,135.605553
907,76.010019,76.493958,116.523041
908,76.010019,76.537633,119.898758
909,76.010019,76.592445,128.026325
910,76.010019,76.684120,112.818799
911,76.010019,76.330080,107.759326
912,76.010019,76.704954,129.801040
913,76.010019,76.529620,127.390609
914,76.010019,76.785122,122.118630
915,76.010019,76.972517,131.620625
916,76.010019,76.629178,127.390609
917,76.010019,76.292446,113.656874
918,76.010019,76.603734,117.081318
919,76.010019,76.424388,129.801040
920,76.010019,76.632641,125.683500
921,76.010019,76.834895,117.988891
922,76.010019,76.416794,112.856033
923,76.010019,76.509558,119.898758
924,76.010019,76.481101,130.337695
925,76.010019,76.690874,125.493223
926,76.010019,76.566173,129.801040
927,76.010019,76.339937,112.897322
928,76.010019,76.662692,131.620625
929,76.010019,76.638611,130.337695
930,76.010019,76.686198,118.642548
931,76.010019,76.318625,123.989221
932,76.010019,76.437069,117.988891
933,76.010019,76.609089,116.429113
934,76.010019,77.156676,127.390609
935,76.010019,76.553844,130.337695
936,76.010019,76.457897,118.837476
937,76.010019,76.797385,131.620625
938,76.010019,76.433459,117.988891
939,76.010019,76.584980,113.610073
940,76.010019,76.576752,127.390609
941,76.010019,76.724832,127.390609
942,76.010019,77.048952,135.605553
943,76.010019,76.459604,122.666168
944,76.010019,76.533771,119.898758
945,76.010019,76.495387,123.989221
946,76.010019,76.371224,117.945211
947,76.010019,76.437216,117.081318
948,76.010019,76.615968,119.898758
949,76.010019,76.936890,135.605553
950,76.010019,76.628368,123.911804
951,76.010019,76.669020,127.390609
952,76.010019,76.437813,110.289980
953,76.010019,76.723433,130.337695
954,76.010019,76.914400,119.898758
955,76.010019,76.683544,121.400046
956,76.010019,76.882167,131.620625
957,76.010019,76.288894,116.228765
958,76.010019,76.423848,117.081318
959,76.010019,76.878179,119.898758
960,76.010019,76.287092,117.774266
961,76.010019,76.747109,127.390609
962,76.010019,76.756066,129.801040
963,76.010019,76.743960,130.337695
964,76.010019,76.367991,128.026325
965,76.010019,76.328640,128.026325
966,76.010019,76.329775,114.022508
967,76.010019,76.637252,125.493223
968,76.010019,76.626559,117.945211
969,76.010019,76.479576,125.493223
970,76.010019,76.822706,123.911804
971,76.010019,76.566021,129.801040
972,76.010019,76.438552,117.988891
973,76.010019,76.659906,122.118630
974,76.010019,76.331387,127.390609
975,76.010019,76.644369,121.670490
976,76.010019,76.472559,130.337695
977,76.010019,76.782824,123.911804
978,76.010019,76.545936,131.620625
979,76.010019,76.818709,128.021522
980,76.010019,76.644728,131.620625
981,76.010019,76.555061,135.605553
982,76.010019,76.745990,130.337695
983,76.010019,76.575778,128.021522
984,76.010019,76.727195,129.801040
985,76.010019,76.596204,131.620625
986,76.010019,76.766590,127.390609
987,76.010019,76.586072,113.610073
988,76.010019,76.366206,129.801040
989,76.010019,76.553248,123.269238
990,76.010019,76.667239,125.683500
991,76.010019,76.802757,131.620625
992,76.010019,76.502938,118.837476
993,76.010019,76.304932,116.429113
994,76.010019,76.698148,128.026325
995,76.010019,76.461824,123.989221
996,76.010019,76.382734,125.683500
997,76.010019,76.634937,119.996024
998,76.010019,76.707183,130.337695
999,76.010019,76.371071,128.026325
1000,76.010019,76.367324,127.390609
1001,76.010019,76.489072,121.670490
1002,76.010019,76.929566,131.620625
1003,76.010019,76.507951,128.026325
1004,76.010019,76.385000,123.269238
1005,76.010019,76.517020,121.670490
1006,76.010019,76.756131,127.390609
1007,76.010019,76.361716,118.837476
1008,76.010019,76.550133,127.390609
1009,76.010019,76.477491,107.759326
1010,76.010019,76.777704,131.620625
1011,76.010019,76.635481,130.337695
1012,76.010019,76.304578,117.988891
1013,76.010019,76.482953,118.837476
1014,76.010019,76.464229,127.390609
1015,76.010019,76.870479,125.683500
1016,76.010019,76.487982,119.898758
1017,76.010019,76.846389,131.620625
1018,76.010019,76.428854,128.026325
1019,76.010019,76.665397,123.269238
1020,76.010019,76.455788,123.989221
1021,76.010019,76.769710,121.670490
1022,76.010019,76.409602,128.021522
1023,76.010019,76.785643,135.605553
1024,76.010019,76.426526,122.666168
1025,76.010019,76.823052,128.021522
1026,76.010019,76.446447,128.026325
1027,76.010019,76.459306,122.666168
1028,76.010019,76.652963,128.021522
1029,76.010019,76.578000,114.022508
1030,76.010019,76.488110,124.365870
1031,76.010019,76.499869,129.801040
1032,76.010019,76.817086,127.390609
1033,76.010019,76.557741,110.289980
1034,76.010019,76.626563,116.429113
1035,76.010019,76.636184,123.989221
1036,76.010019,76.653840,131.620625
1037,76.010019,76.642512,131.620625
1038,76.010019,76.982559,119.898758
1039,76.010019,76.540406,127.390609
1040,76.010019,76.382812,124.365870
1041,76.010019,76.754958,131.620625
1042,76.010019,76.570154,125.683500
1043,76.010019,76.425419,121.400046
1044,76.010019,76.659458,122.666168
1045,76.010019,76.419427,125.493223
1046,76.010019,76.394104,123.911804
1047,76.010019,76.430204,112.897322
1048,76.010019,76.510685,123.989221
1049,76.010019,76.682517,135.605553
1050,76.010019,76.552983,121.400046
1051,76.010019,76.379300,123.911804
1052,76.010019,76.830555,129.801040
1053,76.010019,76.593857,127.390609
1054,76.010019,76.720579,122.118630
1055,76.010019,77.113841,127.390609
1056,76.010019,76.354368,130.337695
1057,76.010019,76.473804,135.605553
1058,76.010019,76.308580,117.081318
1059,76.010019,76.467353,127.390609
1060,76.010019,76.635944,117.081318
1061,76.010019,76.603741,113.610073
1062,76.010019,76.823458,121.670490
1063,76.010019,76.997777,122.666168
1064,76.010019,76.790723,129.801040
1065,76.010019,76.475930,131.620625
1066,76.010019,76.556786,129.801040
1067,76.010019,76.754981,130.337695
1068,76.010019,76.534696,128.021522
1069,76.010019,76.575782,119.898758
1070,76.010019,76.407727,110.529088
1071,76.010019,76.467841,116.523041
1072,76.010019,76.517218,121.670490
1073,76.010019,76.351985,129.801040
1074,76.010019,76.606456,127.390609
1075,76.010019,76.894033,135.605553
1076,76.010019,76.697216,129.801040
1077,76.010019,76.853777,131.620625
1078,76.010019,76.297132,107.221119
1079,76.010019,76.559831,125.493223
1080,76.010019,76.649131,124.365870
1081,76.010019,76.677876,128.021522
1082,76.010019,76.534707,119.898758
1083,76.010019,76.637358,127.390609
1084,76.010019,76.525928,130.337695
1085,76.010019,76.356579,108.036571
1086,76.010019,76.672373,112.856033
1087,76.010019,77.024261,131.620625
1088,76.010019,76.477261,128.026325
1089,76.010019,76.341128,121.400046
1090,76.010019,76.455378,119.898758
1091,76.010019,76.809937,123.989221
1092,76.010019,76.827556,131.620625
1093,76.010019,76.769918,131.620625
1094,76.010019,76.390489,123.269238
1095,76.010019,76.842011,128.026325
1096,76.010019,76.594298,121.400046
1097,76.010019,76.589837,128.021522
1098,76.010019,76.467438,117.081318
1099,76.010019,76.367030,129.801040
1100,76.010019,76.201915,114.022508
1101,76.010019,76.569242,117.945211
1102,76.010019,76.880426,129.801040
1103,76.010019,76.527839,129.801040
1104,76.010019,76.418991,116.523041
1105,76.010019,76.423863,135.605553
1106,76.010019,76.421442,123.911804
1107,76.010019,76.369824,116.523041
1108,76.010019,76.339137,112.897322
1109,76.010019,76.304060,125.683500
1110,76.010019,76.552856,129.801040
1111,76.010019,76.750613,131.620625
1112,76.010019,76.765458,129.801040
1113,76.010019,76.518452,122.666168
1114,76.010019,76.622805,128.021522
1115,76.010019,76.392282,127.390609
1116,76.010019,76.731140,128.026325
1117,76.010019,76.773693,135.605553
1118,76.010019,76.735311,135.605553
1119,76.010019,76.761058,123.989221
1120,76.010019,76.597927,129.801040
1121,76.010019,76.600349,123.989221
1122,76.010019,76.569957,131.620625
1123,76.010019,76.910595,129.801040
1124,76.010019,76.295865,123.911804
1125,76.010019,77.073866,130.337695
1126,76.010019,76.842619,127.390609
1127,76.010019,76.813274,127.390609
1128,76.010019,76.801779,124.365870
1129,76.010019,76.683013,130.337695
1130,76.010019,76.656265,117.988891
1131,76.010019,76.502891,117.081318
1132,76.010019,76.617569,128.026325
1133,76.010019,76.394935,128.021522
1134,76.010019,76.443133,112.897322
1135,76.010019,76.687323,125.683500
1136,76.010019,76.530760,123.269238
1137,76.010019,76.614308,131.620625
1138,76.010019,76.467706,135.605553
1139,76.010019,76.803716,123.911804
1140,76.010019,76.603719,117.081318
1141,76.010019,76.676173,124.365870
1142,76.010019,76.543099,118.837476
1143,76.010019,76.430874,123.269238
1144,76.010019,76.541767,135.605553
1145,76.010019,76.608375,128.021522
1146,76.010019,76.568795,117.774266
1147,76.010019,76.583409,123.989221
1148,76.010019,76.433637,119.996024
1149,76.010019,76.740323,130.337695
1150,76.010019,76.657283,128.021522
1151,76.010019,76.855527,131.620625
1152,76.010019,76.801960,122.666168
1153,76.010019,76.695804,123.989221
1154,76.010019,76.628110,128.021522
1155,76.010019,76.805952,125.683500
1156,76.010019,76.507857,123.911804
1157,76.010019,76.675343,117.081318
1158,76.010019,76.496541,111.681810
1159,76.010019,76.535014,123.269238
1160,76.010019,76.718159,121.400046
1161,76.010019,76.441190,118.642548
1162,76.010019,76.482037,123.911804
1163,76.010019,76.775919,118.837476
1164,76.010019,76.619070,122.666168
1165,76.010019,76.618727,125.493223
1166,76.010019,76.746256,131.620625
1167,76.010019,76.663891,135.605553
1168,76.010019,76.323702,118.837476
1169,76.010019,76.499499,129.801040
1170,76.010019,76.342699,111.024047
1171,76.010019,76.838503,128.026325
1172,76.010019,76.559088,123.911804
1173,76.010019,76.413971,135.605553
1174,76.010019,76.533145,119.996024
1175,76.010019,76.549453,131.620625
1176,76.010019,76.382283,135.605553
1177,76.010019,76.452925,114.022508
1178,76.010019,76.884174,122.666168
1179,76.010019,76.875663,127.390609
1180,76.010019,76.780312,125.683500
1181,76.010019,76.816504,135.605553
1182,76.010019,76.459862,128.021522
1183,76.010019,76.513004,118.642548
1184,76.010019,76.419133,123.989221
1185,76.010019,76.400946,112.947247
1186,76.010019,76.409124,122.118630
1187,76.010019,76.753276,123.911804
1188,76.010019,76.923466,135.605553
1189,76.010019,76.678793,122.666168
1190,76.010019,76.359678,122.666168
1191,76.010019,76.463946,122.118630
1192,76.010019,76.762874,130.337695
1193,76.010019,76.590291,121.670490
1194,76.010019,76.430935,116.523041
1195,76.010019,76.595734,112.856033
1196,76.010019,76.524595,130.337695
1197,76.010019,76.801160,125.683500
1198,76.010019,76.541607,124.365870
1199,76.010019,76.547066,122.118630
1200,76.010019,76.733782,125.683500
1201,76.010019,76.438130,128.026325
1202,76.010019,76.513622,116.523041
1203,76.010019,76.575709,130.337695
1204,76.010019,76.484617,118.642548
1205,76.010019,76.114405,103.981996
1206,76.010019,76.331554,119.996024
1207,76.010019,76.614408,127.390609
1208,76.010019,76.640947,124.365870
1209,76.010019,76.706966,128.021522
1210,76.010019,76.682682,124.365870
1211,76.010019,76.489452,125.683500
1212,76.010019,76.879755,128.026325
1213,76.010019,76.788548,121.670490
1214,76.010019,76.331562,108.036571
1215,76.010019,76.721644,135.605553
1216,76.010019,76.571541,123.989221
1217,76.010019,76.517576,123.989221
1218,76.010019,76.513394,127.390609
1219,76.010019,76.649115,125.493223
1220,76.010019,76.902879,130.337695
1221,76.010019,76.666171,122.118630
1222,76.010019,76.419084,114.022508
1223,76.010019,76.673862,121.400046
1224,76.010019,76.638480,127.390609
1225,76.010019,76.265573,105.281667
1226,76.010019,76.609266,127.390609
1227,76.010019,76.851316,127.390609
1228,76.010019,76.384722,128.026325
1229,76.010019,76.506201,122.666168
1230,76.010019,76.564209,125.683500
1231,76.010019,76.413123,135.605553
1232,76.010019,76.347332,117.774266
1233,76.010019,76.614753,123.269238
1234,76.010019,76.378343,123.269238
1235,76.010019,76.380418,127.390609
1236,76.010019,76.824116,129.801040
1237,76.010019,76.406544,116.228765
1238,76.010019,76.447330,114.022508
1239,76.010019,76.470922,125.683500
1240,76.010019,76.562362,127.390609
1241,76.010019,76.355831,111.024047
1242,76.010019,76.557123,129.801040
1243,76.010019,76.596129,123.269238
1244,76.010019,76.923616,127.390609
1245,76.010019,76.574610,121.670490
1246,76.010019,76.581136,128.021522
1247,76.010019,76.410559,131.620625
1248,76.010019,76.737245,128.026325
1249,76.010019,76.723014,130.337695
1250,76.010019,76.710264,128.021522
1251,76.010019,76.377937,121.400046
1252,76.010019,76.349925,108.697730
1253,76.010019,76.678658,123.269238
1254,76.010019,76.747011,127.390609
1255,76.010019,76.516589,113.656874
1256,76.010019,76.727826,125.683500
1257,76.010019,76.791290,122.118630
1258,76.010019,76.583637,128.021522
1259,76.010019,76.927184,129.801040
1260,76.010019,76.804235,122.666168
1261,76.010019,76.267494,117.081318
1262,76.010019,76.538396,122.118630
1263,76.010019,76.633257,124.365870
1264,76.010019,76.735872,123.911804
1265,76.010019,76.360904,119.996024
1266,76.010019,76.566502,119.898758
1267,76.010019,76.847986,135.605553
1268,76.010019,76.833293,127.390609
1269,76.010019,76.678608,125.683500
1270,76.010019,76.810667,130.337695
1271,76.010019,76.836724,135.605553
1272,76.010019,76.364395,107.221119
1273,76.010019,76.493322,122.118630
1274,76.010019,76.585242,117.945211
1275,76.010019,76.683767,122.666168
1276,76.010019,76.633716,135.605553
1277,76.010019,76.491105,125.493223
1278,76.010019,76.393304,129.801040
1279,76.010019,76.861527,129.801040
1280,76.010019,76.575873,123.989221
1281,76.010019,76.424838,121.670490
1282,76.010019,76.384664,128.026325
1283,76.010019,76.444353,123.269238
1284,76.010019,76.320202,121.400046
1285,76.010019,76.762738,119.898758
1286,76.010019,76.447796,131.620625
1287,76.010019,76.478301,116.228765
1288,76.010019,76.502374,117.081318
1289,76.010019,76.611620,127.390609
1290,76.010019,76.431628,118.642548
1291,76.010019,76.483686,113.610073
1292,76.010019,76.258007,111.681810
1293,76.010019,76.481604,128.026325
1294,76.010019,76.521535,135.605553
1295,76.010019,76.426989,119.996024
1296,76.010019,76.342564,122.118630
1297,76.010019,76.574287,122.666168
1298,76.010019,76.684624,128.026325
1299,76.010019,76.369815,123.911804
1300,76.010019,76.782744,125.683500
1301,76.010019,76.753427,119.996024
1302,76.010019,76.835693,129.801040
1303,76.010019,76.424450,119.996024
1304,76.010019,77.114373,129.801040
1305,76.010019,76.776639,128.026325
1306,76.010019,76.700460,118.642548
1307,76.010019,76.642259,124.365870
1308,76.010019,76.544173,116.429113
1309,76.010019,76.503132,127.390609
1310,76.010019,76.631662,124.365870
1311,76.010019,76.306992,121.670490
1312,76.010019,76.561493,119.898758
1313,76.010019,76.552635,123.269238
1314,76.010019,76.519120,123.911804
1315,76.010019,76.582258,127.390609
1316,76.010019,76.352151,114.022508
1317,76.010019,76.629761,128.026325
1318,76.010019,76.547684,121.400046
1319,76.010019,76.820253,128.026325
1320,76.010019,76.457092,128.026325
1321,76.010019,76.412803,121.400046
1322,76.010019,76.512621,125.683500
1323,76.010019,76.367766,135.605553
1324,76.010019,76.448061,113.656874
1325,76.010019,76.657395,131.620625
1326,76.010019,76.631850,127.390609
1327,76.010019,76.540034,128.026325
1328,76.010019,76.353185,123.911804
1329,76.010019,76.511783,130.337695
1330,76.010019,76.479949,123.911804
1331,76.010019,76.757038,128.021522
1332,76.010019,76.875180,130.337695
1333,76.010019,76.777142,123.269238
1334,76.010019,76.958178,128.026325
1335,76.010019,76.700700,135.605553
1336,76.010019,76.459164,125.493223
1337,76.010019,76.891036,127.390609
1338,76.010019,76.477390,117.774266
1339,76.010019,76.529782,123.269238
1340,76.010019,76.327052,128.021522
1341,76.010019,76.806194,135.605553
1342,76.010019,76.627677,131.620625
1343,76.010019,76.498822,123.911804
1344,76.010019,77.125146,129.801040
1345,76.010019,76.452236,118.642548
1346,76.010019,76.961185,135.605553
1347,76.010019,76.496454,129.801040
1348,76.010019,77.046921,135.605553
1349,76.010019,76.649444,131.620625
1350,76.010019,76.758225,128.026325
1351,76.010019,76.379235,116.523041
1352,76.010019,76.458231,110.289980
1353,76.010019,76.877141,131.620625
1354,76.010019,76.477897,121.670490
1355,76.010019,76.399465,129.801040
1356,76.010019,76.863297,124.365870
1357,76.010019,76.202420,125.493223
1358,76.010019,76.925752,127.390609
1359,76.010019,76.538563,128.021522
1360,76.010019,76.588755,127.390609
1361,76.010019,76.795288,130.337695
1362,76.010019,76.752725,122.118630
1363,76.010019,76.747700,125.493223
1364,76.010019,76.278565,119.996024
1365,76.010019,76.636480,130.337695
1366,76.010019,76.822718,131.620625
1367,76.010019,76.327068,125.683500
1368,76.010019,76.710487,122.118630
1369,76.010019,76.542317,135.605553
1370,76.010019,76.676138,123.269238
1371,76.010019,76.382738,102.381805
1372,76.010019,76.593800,127.390609
1373,76.010019,76.531936,123.269238
1374,76.010019,76.557746,116.523041
1375,76.010019,76.916612,130.337695
1376,76.010019,77.028839,125.493223
1377,76.010019,76.745218,127.390609
1378,76.010019,76.481327,123.989221
1379,76.010019,76.450756,110.529088
1380,76.010019,76.635744,119.996024
1381,76.010019,76.324986,125.493223
1382,76.010019,76.351730,131.620625
1383,76.010019,76.644824,125.493223
1384,76.010019,76.690482,131.620625
1385,76.010019,77.000085,129.801040
1386,76.010019,76.363148,107.221119
1387,76.010019,76.744644,128.026325
1388,76.010019,76.840571,135.605553
1389,76.010019,76.698906,123.911804
1390,76.010019,76.500760,125.493223
1391,76.010019,76.575048,121.670490
1392,76.010019,76.710083,129.801040
1393,76.010019,76.671279,130.337695
1394,76.010019,76.931945,135.605553
1395,76.010019,76.626230,125.683500
1396,76.010019,76.708256,130.337695
1397,76.010019,76.742366,135.605553
1398,76.010019,76.893781,131.620625
1399,76.010019,76.755341,130.337695
1400,76.010019,76.648863,135.605553
1401,76.010019,76.908778,130.337695
1402,76.010019,76.536035,112.818799
1403,76.010019,76.405501,127.390609
1404,76.010019,76.760014,128.026325
1405,76.010019,76.558292,125.683500
1406,76.010019,76.546450,135.605553
1407,76.010019,76.740440,128.021522
1408,76.010019,76.551597,117.774266
1409,76.010019,76.433095,117.081318
1410,76.010019,76.439542,124.365870
1411,76.010019,76.936576,117.988891
1412,76.010019,76.839834,128.026325
1413,76.010019,76.410698,106.879218
1414,76.010019,76.559772,116.523041
1415,76.010019,76.642377,128.026325
1416,76.010019,76.814503,125.493223
1417,76.010019,76.566615,128.021522
1418,76.010019,76.747712,127.390609
1419,76.010019,76.579481,131.620625
1420,76.010019,76.410895,128.026325
1421,76.010019,76.474473,112.818799
1422,76.010019,76.413894,135.605553
1423,76.010019,76.721522,130.337695
1424,76.010019,76.420963,113.610073
1425,76.010019,76.539655,119.898758
1426,76.010019,76.675281,116.228765
1427,76.010019,76.350446,117.945211
1428,76.010019,76.663940,123.269238
1429,76.010019,76.604755,121.670490
1430,76.010019,76.404826,125.683500
1431,76.010019,76.379205,103.738209
1432,76.010019,76.627738,124.365870
1433,76.010019,76.449294,135.605553
1434,76.010019,76.287898,122.118630
1435,76.010019,76.963495,127.390609
1436,76.010019,76.570349,122.118630
1437,76.010019,76.533068,127.390609
1438,76.010019,76.436879,118.642548
1439,76.010019,76.534783,125.493223
1440,76.010019,76.496190,127.390609
1441,76.010019,76.461781,128.026325
1442,76.010019,76.833470,131.620625
1443,76.010019,76.700597,129.801040
1444,76.010019,76.548912,128.021522
1445,76.010019,76.562312,124.365870
1446,76.010019,76.679850,125.493223
1447,76.010019,76.588016,117.988891
1448,76.010019,76.988337,129.801040
1449,76.010019,76.754732,128.021522
1450,76.010019,76.445414,125.493223
1451,76.010019,76.634750,128.026325
1452,76.010019,76.343525,108.697730
1453,76.010019,76.643440,116.228765
1454,76.010019,76.444555,114.022508
1455,76.010019,76.819748,118.837476
1456,76.010019,76.653858,128.021522
1457,76.010019,76.471721,130.337695
1458,76.010019,76.637917,135.605553
1459,76.010019,76.584436,121.400046
1460,76.010019,76.794361,121.400046
1461,76.010019,76.671755,118.642548
1462,76.010019,76.517198,118.837476
1463,76.010019,76.511189,131.620625
1464,76.010019,76.693918,125.683500
1465,76.010019,76.357651,116.523041
1466,76.010019,76.367013,117.988891
1467,76.010019,76.465064,131.620625
1468,76.010019,76.842184,124.365870
1469,76.010019,76.735762,123.989221
1470,76.010019,76.831927,116.429113
1471,76.010019,76.493348,128.026325
1472,76.010019,76.792443,125.683500
1473,76.010019,76.379493,113.656874
1474,76.010019,76.762929,123.989221
1475,76.010019,76.646392,129.801040
1476,76.010019,76.716809,121.400046
1477,76.010019,76.418809,106.879218
1478,76.010019,76.592653,125.683500
1479,76.010019,76.432368,112.818799
1480,76.010019,76.321109,127.390609
1481,76.010019,76.825335,128.021522
1482,76.010019,76.570557,116.429113
1483,76.010019,76.628699,123.269238
1484,76.010019,76.624822,128.026325
1485,76.010019,76.679017,121.670490
1486,76.010019,76.712750,117.774266
1487,76.010019,76.458952,119.898758
1488,76.010019,76.841950,135.605553
1489,76.010019,76.415916,128.026325
1490,76.010019,76.571181,122.118630
1491,76.010019,76.711648,124.365870
1492,76.010019,76.481157,114.022508
1493,76.010019,76.871224,131.620625
1494,76.010019,76.585506,122.666168
1495,76.010019,76.836697,128.021522
1496,76.010019,76.278943,117.945211
1497,76.010019,76.645782,123.989221
1498,76.010019,76.473047,135.605553
1499,76.010019,76.900681,129.801040
1500,76.010019,76.632121,130.337695
1501,76.010019,76.318837,128.026325
1502,76.010019,76.689162,123.269238
1503,76.010019,76.712838,122.118630
1504,76.010019,76.719032,131.620625
1505,76.010019,76.357989,117.774266
1506,76.010019,76.446393,118.642548
1507,76.010019,76.562312,135.605553
1508,76.010019,77.102573,130.337695
1509,76.010019,76.890293,123.269238
1510,76.010019,76.888003,131.620625
1511,76.010019,77.101072,124.365870
1512,76.010019,76.647705,125.683500
1513,76.010019,76.656058,116.228765
1514,76.010019,76.433286,122.118630
1515,76.010019,76.610193,123.269238
1516,76.010019,76.543202,130.337695
1517,76.010019,76.676859,129.801040
1518,76.010019,76.876567,131.620625
1519,76.010019,76.175813,105.831109
1520,76.010019,76.459436,118.642548
1521,76.010019,76.487120,128.026325
1522,76.010019,76.469984,112.897322
1523,76.010019,76.443555,130.337695
1524,76.010019,76.663067,131.620625
1525,76.010019,76.519910,128.021522
1526,76.010019,76.336785,107.221119
1527,76.010019,76.419333,122.118630
1528,76.010019,76.894478,135.605553
1529,76.010019,76.765914,123.269238
1530,76.010019,76.556686,128.026325
1531,76.010019,77.038705,122.666168
1532,76.010019,76.708792,131.620625
1533,76.010019,76.768141,131.620625
1534,76.010019,76.706386,129.801040
1535,76.010019,76.756240,129.801040
1536,76.010019,77.141964,128.021522
1537,76.010019,76.457673,124.365870
1538,76.010019,76.671415,130.337695
1539,76.010019,76.414335,122.118630
1540,76.010019,76.580559,117.988891
1541,76.010019,76.745656,135.605553
1542,76.010019,76.576841,127.390609
1543,76.010019,76.752114,125.493223
1544,76.010019,76.893670,135.605553
1545,76.010019,76.796124,125.683500
1546,76.010019,76.385728,117.774266
1547,76.010019,76.773206,130.337695
1548,76.010019,76.861508,123.989221
1549,76.010019,76.283326,108.036571
1550,76.010019,76.815624,135.605553
1551,76.010019,76.503069,130.337695
1552,76.010019,76.388778,127.390609
1553,76.010019,76.606009,128.021522
1554,76.010019,76.447555,119.996024
1555,76.010019,76.746587,131.620625
1556,76.010019,76.642293,128.026325
1557,76.010019,76.906805,131.620625
1558,76.010019,76.722077,121.670490
1559,76.010019,76.780276,135.605553
1560,76.010019,76.664314,128.026325
1561,76.010019,76.490124,112.947247
1562,76.010019,76.466910,117.988891
1563,76.010019,76.351037,123.989221
1564,76.010019,76.592247,128.021522
1565,76.010019,77.064399,129.801040
1566,76.010019,77.017626,123.269238
1567,76.010019,76.287434,123.989221
1568,76.010019,76.520262,124.365870
1569,76.010019,76.751082,131.620625
1570,76.010019,76.657408,124.365870
1571,76.010019,76.425395,118.837476
1572,76.010019,76.383596,113.610073
1573,76.010019,76.518974,127.390609
1574,76.010019,76.413727,128.021522
1575,76.010019,76.441412,121.400046
1576,76.010019,76.915985,130.337695
1577,76.010019,76.566539,135.605553
1578,76.010019,76.441755,125.683500
1579,76.010019,76.514860,125.493223
1580,76.010019,76.686265,135.605553
1581,76.010019,76.928636,129.801040
1582,76.010019,76.663475,128.021522
1583,76.010019,76.373587,119.898758
1584,76.010019,76.292326,113.656874
1585,76.010019,76.672694,122.666168
1586,76.010019,76.735261,118.642548
1587,76.010019,76.386479,119.898758
1588,76.010019,76.262381,101.121574
1589,76.010019,76.585384,122.666168
1590,76.010019,76.720119,123.989221
1591,76.010019,76.316031,123.269238
1592,76.010019,76.621653,135.605553
1593,76.010019,76.625490,135.605553
1594,76.010019,76.437002,117.988891
1595,76.010019,76.847418,125.493223
1596,76.010019,76.587737,119.996024
1597,76.010019,76.558961,127.390609
1598,76.010019,76.637242,128.026325
1599,76.010019,76.829959,125.493223
1600,76.010019,76.689590,130.337695
1601,76.010019,76.699311,135.605553
1602,76.010019,76.550925,112.752521
1603,76.010019,77.100251,135.605553
1604,76.010019,76.268281,116.523041
1605,76.010019,76.694266,119.996024
1606,76.010019,76.570209,127.390609
1607,76.010019,76.284183,135.605553
1608,76.010019,76.484999,123.269238
1609,76.010019,76.345989,108.697730
1610,76.010019,76.429280,119.996024
1611,76.010019,76.589249,128.021522
1612,76.010019,76.454038,125.493223
1613,76.010019,76.414934,116.523041
1614,76.010019,76.734332,122.666168
1615,76.010019,76.723934,117.774266
1616,76.010019,76.236957,116.523041
1617,76.010019,76.763244,125.683500
1618,76.010019,76.465061,112.856033
1619,76.010019,76.883679,122.118630
1620,76.010019,76.610069,125.683500
1621,76.010019,76.384097,127.390609
1622,76.010019,76.375438,125.493223
1623,76.010019,76.651012,127.390609
1624,76.010019,76.366955,117.774266
1625,76.010019,76.312160,105.281667
1626,76.010019,76.719955,121.670490
1627,76.010019,76.489655,128.026325
1628,76.010019,76.642226,129.801040
1629,76.010019,76.578672,128.026325
1630,76.010019,76.453089,112.856033
1631,76.010019,76.301866,130.337695
1632,76.010019,76.442939,127.390609
1633,76.010019,76.716251,125.493223
1634,76.010019,76.717664,135.605553
1635,76.010019,76.579252,117.774266
1636,76.010019,76.933500,128.026325
1637,76.010019,76.709114,128.026325
1638,76.010019,76.471805,135.605553
1639,76.010019,76.940270,131.620625
1640,76.010019,77.064188,129.801040
1641,76.010019,76.229016,123.911804
1642,76.010019,77.273151,131.620625
1643,76.010019,76.693157,127.390609
1644,76.010019,76.686571,121.400046
1645,76.010019,76.439795,117.945211
1646,76.010019,76.431592,121.670490
1647,76.010019,76.308136,117.945211
1648,76.010019,76.756656,130.337695
1649,76.010019,76.458179,116.523041
1650,76.010019,76.609823,131.620625
1651,76.010019,76.642949,130.337695
1652,76.010019,76.814110,130.337695
1653,76.010019,76.225905,110.529088
1654,76.010019,76.386991,128.026325
1655,76.010019,77.004001,127.390609
1656,76.010019,76.764879,129.801040
1657,76.010019,76.761894,135.605553
1658,76.010019,76.612877,119.996024
1659,76.010019,77.071372,135.605553
1660,76.010019,76.686193,125.493223
1661,76.010019,76.495280,123.989221
1662,76.010019,76.623165,129.801040
1663,76.010019,76.557775,116.228765
1664,76.010019,76.739370,128.021522
1665,76.010019,76.347629,105.207709
1666,76.010019,76.429110,116.429113
1667,76.010019,76.723395,123.269238
1668,76.010019,76.945192,131.620625
1669,76.010019,76.675075,127.390609
1670,76.010019,76.315430,117.988891
1671,76.010019,76.667440,124.365870
1672,76.010019,76.437417,128.021522
1673,76.010019,76.481473,122.118630
1674,76.010019,76.787503,135.605553
1675,76.010019,76.412206,106.346562
1676,76.010019,76.812007,125.493223
1677,76.010019,76.159000,93.444328
1678,76.010019,76.615918,135.605553
1679,76.010019,76.493339,117.774266
1680,76.010019,76.362514,119.898758
1681,76.010019,76.574188,114.022508
1682,76.010019,76.445330,118.642548
1683,76.010019,76.598123,119.898758
1684,76.010019,76.668753,123.989221
1685,76.010019,76.741040,117.774266
1686,76.010019,76.689005,124.365870
1687,76.010019,76.729463,131.620625
1688,76.010019,76.742787,130.337695
1689,76.010019,76.630678,128.021522
1690,76.010019,76.484275,117.988891
1691,76.010019,76.291701,128.021522
1692,76.010019,76.387545,123.269238
1693,76.010019,76.431256,127.390609
1694,76.010019,76.685305,130.337695
1695,76.010019,76.433444,127.390609
1696,76.010019,76.490414,113.610073
1697,76.010019,76.581697,117.945211
1698,76.010019,76.725614,129.801040
1699,76.010019,76.659042,131.620625
1700,76.010019,76.962893,131.620625
1701,76.010019,76.263106,119.996024
1702,76.010019,76.480092,125.493223
1703,76.010019,76.488528,127.390609
1704,76.010019,76.680258,117.081318
1705,76.010019,76.543450,135.605553
1706,76.010019,76.423062,121.670490
1707,76.010019,76.810096,114.022508
1708,76.010019,76.231208,103.981996
1709,76.010019,76.624176,135.605553
1710,76.010019,76.766045,127.390609
1711,76.010019,76.506746,135.605553
1712,76.010019,76.755175,131.620625
1713,76.010019,77.199568,131.620625
1714,76.010019,76.665599,123.911804
1715,76.010019,76.437015,117.081318
1716,76.010019,76.622576,128.026325
1717,76.010019,76.803952,131.620625
1718,76.010019,76.387177,118.642548
1719,76.010019,76.737101,123.989221
1720,76.010019,76.278787,117.945211
1721,76.010019,76.375627,127.390609
1722,76.010019,76.650870,129.801040
1723,76.010019,76.395578,122.666168
1724,76.010019,76.472562,116.523041
1725,76.010019,76.802806,130.337695
1726,76.010019,76.548480,121.670490
1727,76.010019,76.499164,128.021522
1728,76.010019,76.462253,128.026325
1729,76.010019,76.698398,130.337695
1730,76.010019,76.443960,116.228765
1731,76.010019,76.769033,135.605553
1732,76.010019,76.935045,125.683500
1733,76.010019,76.324362,123.911804
1734,76.010019,76.329908,97.301267
1735,76.010019,76.614898,121.670490
1736,76.010019,76.683493,128.026325
1737,76.010019,76.636732,117.988891
1738,76.010019,76.817074,128.026325
1739,76.010019,76.952405,121.670490
1740,76.010019,76.744765,125.683500
1741,76.010019,76.757056,122.666168
1742,76.010019,76.440019,111.681810
1743,76.010019,76.736712,122.666168
1744,76.010019,76.489539,121.670490
1745,76.010019,76.548057,122.118630
1746,76.010019,76.447703,118.642548
1747,76.010019,76.879156,125.683500
1748,76.010019,76.291157,113.656874
1749,76.010019,76.493284,118.837476
1750,76.010019,76.406885,112.818799
1751,76.010019,76.749784,127.390609
1752,76.010019,76.457963,129.801040
1753,76.010019,76.803354,130.337695
1754,76.010019,76.753577,128.026325
1755,76.010019,76.610961,117.774266
1756,76.010019,76.492258,125.493223
1757,76.010019,76.695724,119.996024
1758,76.010019,76.533318,112.947247
1759,76.010019,76.818671,125.493223
1760,76.010019,76.487075,130.337695
1761,76.010019,76.329529,119.898758
1762,76.010019,76.515211,117.945211
1763,76.010019,77.094049,129.801040
1764,76.010019,76.518609,118.642548
1765,76.010019,76.631514,124.365870
1766,76.010019,76.508225,130.337695
1767,76.010019,76.298782,106.879218
1768,76.010019,76.963089,125.683500
1769,76.010019,76.444881,127.390609
1770,76.010019,76.734152,135.605553
1771,76.010019,76.255759,111.681810
1772,76.010019,76.897458,127.390609
1773,76.010019,76.619330,131.620625
1774,76.010019,76.725923,123.989221
1775,76.010019,76.596577,125.493223
1776,76.010019,76.438857,128.026325
1777,76.010019,76.448559,128.021522
1778,76.010019,76.751536,125.493223
1779,76.010019,76.510226,124.365870
1780,76.010019,76.578704,122.666168
1781,76.010019,76.444015,116.228765
1782,76.010019,76.621970,128.026325
1783,76.010019,76.438576,122.118630
1784,76.010019,76.467973,122.666168
1785,76.010019,76.495673,131.620625
1786,76.010019,76.589797,131.620625
1787,76.010019,76.563061,130.337695
1788,76.010019,76.572007,121.670490
1789,76.010019,76.732216,127.390609
1790,76.010019,76.562462,125.493223
1791,76.010019,76.392571,117.774266
1792,76.010019,76.488944,128.026325
1793,76.010019,76.404235,121.400046
1794,76.010019,76.690082,135.605553
1795,76.010019,76.425033,112.818799
1796,76.010019,76.459588,128.021522
1797,76.010019,76.464016,127.390609
1798,76.010019,76.453201,118.642548
1799,76.010019,76.426725,117.988891
1800,76.010019,77.034043,129.801040
1801,76.010019,76.479412,124.365870
1802,76.010019,76.386738,118.642548
1803,76.010019,76.787915,129.801040
1804,76.010019,76.770975,122.666168
1805,76.010019,76.445564,130.337695
1806,76.010019,76.294635,124.365870
1807,76.010019,76.433385,113.610073
1808,76.010019,76.955711,135.605553
1809,76.010019,76.611325,118.837476
1810,76.010019,76.874688,129.801040
1811,76.010019,76.735203,135.605553
1812,76.010019,76.747456,131.620625
1813,76.010019,76.716063,130.337695
1814,76.010019,76.449278,114.022508
1815,76.010019,76.468542,130.337695
1816,76.010019,76.260114,105.910719
1817,76.010019,76.395319,112.947247
1818,76.010019,76.826426,123.269238
1819,76.010019,76.540481,117.988891
1820,76.010019,76.661285,135.605553
1821,76.010019,76.862183,131.620625
1822,76.010019,76.566886,128.021522
1823,76.010019,76.663338,127.390609
1824,76.010019,76.506191,121.670490
1825,76.010019,76.136505,104.345654
1826,76.010019,76.490393,117.988891
1827,76.010019,76.694950,128.021522
1828,76.010019,76.334234,131.620625
1829,76.010019,76.765384,129.801040
1830,76.010019,76.615972,125.683500
1831,76.010019,76.637677,128.021522
1832,76.010019,76.542920,122.118630
1833,76.010019,76.698966,128.026325
1834,76.010019,76.582762,121.400046
1835,76.010019,76.613366,125.493223
1836,76.010019,76.661848,123.269238
1837,76.010019,76.694658,125.493223
1838,76.010019,76.613376,131.620625
1839,76.010019,76.736564,127.390609
1840,76.010019,76.471065,129.801040
1841,76.010019,76.837675,128.026325
1842,76.010019,76.360078,112.947247
1843,76.010019,76.545188,128.021522
1844,76.010019,76.471414,118.642548
1845,76.010019,76.503024,128.021522
1846,76.010019,76.436633,111.024047
1847,76.010019,76.953821,135.605553
1848,76.010019,76.879281,123.911804
1849,76.010019,76.611787,130.337695
1850,76.010019,76.468158,122.118630
1851,76.010019,76.338143,118.837476
1852,76.010019,76.625175,129.801040
1853,76.010019,76.687673,119.996024
1854,76.010019,76.284088,111.681810
1855,76.010019,76.665016,125.493223
1856,76.010019,76.363154,117.774266
1857,76.010019,76.846036,123.989221
1858,76.010019,76.523593,129.801040
1859,76.010019,76.434744,135.605553
1860,76.010019,76.406814,127.390609
1861,76.010019,76.542155,135.605553
1862,76.010019,76.592088,123.989221
1863,76.010019,76.408976,123.269238
1864,76.010019,76.232484,123.269238
1865,76.010019,76.780980,122.666168
1866,76.010019,76.534692,119.898758
1867,76.010019,76.571089,124.365870
1868,76.010019,76.392195,121.670490
1869,76.010019,76.633126,124.365870
1870,76.010019,76.706286,123.911804
1871,76.010019,76.765554,127.390609
1872,76.010019,76.428558,122.118630
1873,76.010019,76.723922,129.801040
1874,76.010019,76.619684,116.429113
1875,76.010019,76.387352,125.683500
1876,76.010019,76.470825,112.818799
1877,76.010019,76.800142,131.620625
1878,76.010019,76.719445,135.605553
1879,76.010019,76.428369,118.837476
1880,76.010019,76.473179,119.898758
1881,76.010019,76.470492,119.898758
1882,76.010019,76.686217,123.911804
1883,76.010019,76.483624,127.390609
1884,76.010019,76.407696,125.683500
1885,76.010019,76.801037,128.021522
1886,76.010019,76.440254,128.021522
1887,76.010019,76.445987,119.996024
1888,76.010019,76.444030,113.656874
1889,76.010019,76.414494,130.337695
1890,76.010019,76.743987,131.620625
1891,76.010019,76.491985,123.911804
1892,76.010019,76.762412,131.620625
1893,76.010019,76.493259,128.026325
1894,76.010019,76.604265,131.620625
1895,76.010019,76.530080,116.429113
1896,76.010019,76.692281,129.801040
1897,76.010019,76.747417,130.337695
1898,76.010019,76.364303,127.390609
1899,76.010019,76.746556,135.605553
1900,76.010019,76.592747,128.021522
1901,76.010019,76.417059,116.228765
1902,76.010019,76.654862,125.493223
1903,76.010019,76.898497,135.605553
1904,76.010019,76.642144,131.620625
1905,76.010019,76.912626,135.605553
1906,76.010019,76.514380,121.400046
1907,76.010019,76.673267,117.774266
1908,76.010019,76.807250,123.269238
1909,76.010019,76.688896,125.683500
1910,76.010019,76.685165,129.801040
1911,76.010019,76.429019,128.026325
1912,76.010019,76.622795,125.493223
1913,76.010019,76.500288,112.897322
1914,76.010019,76.689674,125.493223
1915,76.010019,76.745338,135.605553
1916,76.010019,76.552461,131.620625
1917,76.010019,76.364401,123.989221
1918,76.010019,76.368840,125.683500
1919,76.010019,76.600640,135.605553
1920,76.010019,76.522711,107.759326
1921,76.010019,76.290448,113.610073
1922,76.010019,76.919417,130.337695
1923,76.010019,76.795484,123.989221
1924,76.010019,76.525768,122.118630
1925,76.010019,76.918949,125.683500
1926,76.010019,76.509338,135.605553
1927,76.010019,76.360493,113.656874
1928,76.010019,76.513130,123.269238
1929,76.010019,76.728654,127.390609
1930,76.010019,76.806349,123.989221
1931,76.010019,76.736625,131.620625
1932,76.010019,76.795052,125.493223
1933,76.010019,76.365633,128.026325
1934,76.010019,76.861694,123.989221
1935,76.010019,76.163265,89.933689
1936,76.010019,76.605093,128.021522
1937,76.010019,76.514237,123.989221
1938,76.010019,76.971487,130.337695
1939,76.010019,76.453850,123.911804
1940,76.010019,76.493670,131.620625
1941,76.010019,76.604168,123.989221
1942,76.010019,76.620075,131.620625
1943,76.010019,76.406137,128.021522
1944,76.010019,76.423179,117.945211
1945,76.010019,76.572305,135.605553
1946,76.010019,76.669778,129.801040
1947,76.010019,76.632941,123.911804
1948,76.010019,76.412175,123.989221
1949,76.010019,76.910291,130.337695
1950,76.010019,76.467706,112.897322
1951,76.010019,76.305220,123.911804
1952,76.010019,76.400678,122.118630
1953,76.010019,76.568935,122.118630
1954,76.010019,76.590159,123.911804
1955,76.010019,76.767426,128.026325
1956,76.010019,76.511607,131.620625
1957,76.010019,76.456619,131.620625
1958,76.010019,76.503936,127.390609
1959,76.010019,76.511055,129.801040
1960,76.010019,76.528246,124.365870
1961,76.010019,76.435677,127.390609
1962,76.010019,76.601403,125.683500
1963,76.010019,76.577091,123.989221
1964,76.010019,76.481010,117.988891
1965,76.010019,76.624072,128.021522
1966,76.010019,76.657897,122.118630
1967,76.010019,76.436381,117.988891
1968,76.010019,76.800226,130.337695
1969,76.010019,76.574631,135.605553
1970,76.010019,76.800307,122.666168
1971,76.010019,76.536434,119.898758
1972,76.010019,76.527954,119.898758
1973,76.010019,76.333012,106.879218
1974,76.010019,76.641152,130.337695
1975,76.010019,76.322190,130.337695
1976,76.010019,76.796753,130.337695
1977,76.010019,76.849455,130.337695
1978,76.010019,76.343792,111.681810
1979,76.010019,76.742258,127.390609
1980,76.010019,76.517881,114.022508
1981,76.010019,76.468278,128.026325
1982,76.010019,76.712946,123.911804
1983,76.010019,76.585806,118.837476
1984,76.010019,76.586800,129.801040
1985,76.010019,76.558637,125.683500
1986,76.010019,76.622388,125.683500
1987,76.010019,76.650837,131.620625
1988,76.010019,76.553153,131.620625
1989,76.010019,76.849136,128.026325
1990,76.010019,76.685388,123.989221
1991,76.010019,76.425249,100.406000
1992,76.010019,76.509308,112.947247
1993,76.010019,76.337807,108.036571
1994,76.010019,76.679533,114.022508
1995,76.010019,76.475400,123.911804
1996,76.010019,76.706275,135.605553
1997,76.010019,76.519613,127.390609
1998,76.010019,76.465503,117.774266
1999,76.010019,76.637908,135.605553
2000,76.010019,76.630722,127.390609
